{
  "timestamp": "2025-08-22T12:12:34.854611",
  "formats_saved": [
    "pickle",
    "networkx",
    "statistics",
    "neo4j_cypher"
  ],
  "save_times": {
    "pickle": 17.775243759155273,
    "networkx": 9.956085681915283,
    "neo4j_export": 1.1539509296417236
  },
  "file_sizes": {
    "pickle_mb": 1022.7799406051636,
    "networkx_mb": 517.0774412155151
  }
}